Variant_ID	log2_fc	p_value
rs1057897	0.9392517619391109	0.0011011099712485391
rs111511018	1.0696170422076836	1.0415411237002213e-05
rs112644159	-1.7197257837576263	7.068273766352888e-06
rs113065267	-0.9267906742829969	9.746435204887162e-05
rs113517940	-1.068624295942937	8.885646491048917e-06
rs114284894	-1.419267575393285	0.007280117063202957
rs114812993	0.5568021203283087	1.4072161687111432e-05
rs115635895	-1.2042804231654858	4.1230981985775237e-05
rs115915033	-1.0221440305643545	0.00022433402018915614
rs116100242	-1.1343288908065028	7.85582988784586e-06
rs116103449	-1.1518410052088441	6.207723030081676e-05
rs116386160	-1.2380638216043245	2.0499252909841075e-06
rs116440705	-1.7994093866260783	0.00031775396212345625
rs116967306	1.5445989549566679	7.735033292835783e-05
rs117251220	-0.7653021026658408	5.6255290359027475e-06
rs117452529	-1.250307768435126	0.36183680491588155
rs148098161	0.06194303564276171	0.010470176826979682
rs149744895	-0.4800253052595418	1.4022306156790641e-05
rs28678901	-0.07575393231899619	0.0011053931862341027
rs28781888	-0.2673463255167522	4.772198259842696e-06
rs28858500	-0.11823407604912983	2.5417044210647125e-06
rs3101443	0.059624898072007715	6.293832690300289e-06
rs3759791	2.444147158700323	0.004381764615112415
rs3784275	0.09192951737003252	0.31960966599334373
rs4378658	0.7068565452477598	0.011327247040044673
rs4793995	1.4225356102998439	0.3527682028786904
rs62075820	1.3127709545824229	0.03431679988374694
rs62075844	1.4549401501267893	6.207723030081676e-05
rs62078375	0.5447115033344738	0.2103759216834662
rs76542740	0.18100959018703788	0.3960036921858269
